category,avg_discount
CORP,0.79196
EMG,0.67275
GBG,0.48155
IBANK,0.75886
MM,0.74232
OTHERS,0.84446
PMG,0.716
SBGS,0.7641
