category,avg_discount
>10y,0.77846
3-5y,0.77009
6-10y,0.72343
Accrued,0.42275
New,0.55402
Old,1.0
SAOD,0.81609
SATP,
(blank),0.75113
