category,avg_discount
0,0.65785
2,0.60001
10,0.64036
20,0.80685
25,0.79938
35,0.78584
40,0.76195
45,0.7678
50,0.79202
55,0.74728
65,0.81459
