category,avg_discount
>=10,0.77682
0,0.56903
1,0.81606
2,0.80975
3,0.7851
4,0.75817
5,0.73416
6,0.72246
7,0.70845
8,0.72018
9,0.73589
